season,team_abbr,team,team_display_source,bye_week,final_result,points_for,points_against,venue,opponent,owner_username,pts,rost_pct,def_td,kr_td,st_td,ff,int,pt_allow,sack,tkl,fum_rec,qb_hit,source_start_line,source_final_line,source_team_lines,metric_source_lines
2025,PHI,Philadelphia Eagles,Philadelphia Eagles,10,W,24,20,vs,DAL,jfoulkrod,147,,1,,,12,12,323,42,1009,9,105,3,Final W 24-20 vs DAL,hia. Eagles | Philadelphia. Eagles,"7,8,9,10,11,12,13,14,15,16,17"
2025,BAL,Baltimore Ravens,Baltimore Ravens,13,L,40,41,@,BUF,Dbfoulkrod,110,,2,,,11,11,392,30,1030,8,101,20,Final L 40-41 @ BUF,Baltimore. Ravens | Baltimore. Ravens,"24,25,26,27,28,29,30,31,32,33,34"
2025,HOU,Houston Texans,Houston Texans,8,L,9,14,@,LAR,robfoulk,175,,4,,,12,19,295,47,938,8,95,37,Final L 9-14 @ LAR,Houston. Texans | Houston. Texans,"41,42,43,44,45,46,47,48,49,50,51"
2025,DEN,Denver Broncos,Denver Broncos,10,W,20,12,vs,TEN,jfoulkrod,151,,1,,,7,10,309,68,1014,3,164,54,Final W 20-12 vs TEN,Denver. Broncos | Denver. Broncos,"58,59,60,61,62,63,64,65,66,67,68"
2025,PIT,Pittsburgh Steelers,Pittsburgh Steelers,9,W,34,32,@,NYJ,Von937,145,,3,,,16,15,379,48,1085,10,112,71,Final W 34-32 @ NYJ,Pittsburgh. Steelers | Pittsburgh. Steelers,"75,76,77,78,79,80,81,82,83,84,85"
2025,MIN,Minnesota Vikings,Minnesota Vikings,6,W,27,24,@,CHI,asmartaleck1,153,,2,,,16,8,309,49,1088,13,98,88,Final W 27-24 @ CHI,Minnesota. Vikings | Minnesota. Vikings,"92,93,94,95,96,97,98,99,100,101,102"
2025,GB,Green Bay Packers,Green Bay Packers,11,W,27,13,vs,DET,,86,,,,,7,7,360,36,1075,6,105,105,Final W 27-13 vs DET,Green Bay. Packers | Green Bay. Packers,"108,109,110,111,112,113,114,115,116,117,118"
2025,BUF,Buffalo Bills,Buffalo Bills,7,W,41,40,vs,BAL,ebmookie,123,,2,,,12,13,365,36,897,7,92,121,Final W 41-40 vs BAL,Buffalo. Bills | Buffalo. Bills,"125,126,127,128,129,130,131,132,133,134,135"
2025,DET,Detroit Lions,Detroit Lions,6,L,13,27,@,GB,mafoulk,112,,,,,15,13,411,49,964,6,103,138,Final L 13-27 @ GB,Detroit. Lions,"142,143,144,145,146,147,148,149,150,151,152"
2025,KC,Kansas City Chiefs,Kansas City Chiefs,5,L,21,27,@,LAC,ebmookie,98,,,,,6,10,318,35,1002,3,103,155,Final L 21-27 @ LAC,Kansas City. Chiefs | Kansas City. Chiefs,"159,160,161,162,163,164,165,166,167,168,169"
2025,LAR,Los Angeles Rams,Los Angeles Rams,11,W,14,9,vs,HOU,ebmookie,147,,1,,,12,16,334,47,1044,9,117,172,Final W 14-9 vs HOU,Los Angeles. Rams | Los Angeles. Rams,"176,177,178,179,180,181,182,183,184,185,186"
2025,WAS,Washington Commanders,Washington Commanders,7,W,21,6,vs,NYG,,86,,,,,9,8,445,42,1083,1,94,189,Final W 21-6 vs NYG,Washington. Commanders | Washington. Commanders,"192,193,194,195,196,197,198,199,200,201,202"
2025,SF,San Francisco 49ers,San Francisco 49ers,8,W,17,13,@,SEA,Dbfoulkrod,89,,1,,,10,6,363,20,1019,8,58,205,Final W 17-13 @ SEA,San Francisco. 49ers | San Francisco. 49ers,"209,210,211,212,213,214,215,216,217,218,219"
2025,SEA,Seattle Seahawks,Seattle Seahawks,11,L,13,17,vs,SF,robfoulk,186,,3,,,7,18,286,47,1045,6,122,222,Final L 13-17 vs SF,Seattle. Seahawks | Seattle. Seahawks,"226,227,228,229,230,231,232,233,234,235,236"
2025,CLE,Cleveland Browns,Cleveland Browns,11,L,16,17,vs,CIN,Evenkeel75,146,,4,,,14,11,371,53,1029,5,113,241,Final L 16-17 vs CIN,* | Cleveland. Browns,"245,246,247,248,249,250,251,252,253,254,255"
2025,DAL,Dallas Cowboys,Dallas Cowboys,14,L,20,24,@,PHI,,69,,1,,,10,6,509,35,1023,5,108,259,Final L 20-24 @ PHI,* | Dallas. Cowboys,"262,263,264,265,266,267,268,269,270,271,272"
2025,JAX,Jacksonville Jaguars,Jacksonville Jaguars,7,W,26,10,vs,CAR,Evenkeel75,153,,2,,,8,22,324,32,963,7,95,275,Final W 26-10 vs CAR,Jacksonville. Jaguars | Jacksonville. Jaguars,"279,280,281,282,283,284,285,286,287,288,289"
2025,LV,Las Vegas Raiders,Las Vegas Raiders,13,W,20,13,@,NE,,85,,,,,10,8,424,37,1082,8,82,292,Final W 20-13 @ NE,Las Vegas. Raiders | Las Vegas. Raiders,"295,296,297,298,299,300,301,302,303,304,305"
2025,ATL,Atlanta Falcons,Atlanta Falcons,11,L,20,23,vs,TB,,131,,1,,,12,16,389,57,1014,5,97,308,Final L 20-23 vs TB,Atlanta. Falcons | Atlanta. Falcons,"311,312,313,314,315,316,317,318,319,320,321"
2025,CAR,Carolina Panthers,Carolina Panthers,5,L,10,26,@,JAX,Dbfoulkrod,110,,2,,,7,15,374,30,1039,4,58,324,Final L 10-26 @ JAX,Carolina. Panthers | Carolina. Panthers,"328,329,330,331,332,333,334,335,336,337,338"
2025,TEN,Tennessee Titans,Tennessee Titans,9,L,12,20,@,DEN,,85,,1,,,7,6,454,42,995,6,98,341,Final L 12-20 @ DEN,Tennessee. Titans | Tennessee. Titans,"344,345,346,347,348,349,350,351,352,353,354"
2025,NO,New Orleans Saints,New Orleans Saints,8,L,13,20,vs,ARI,asmartaleck1,130,,3,,,12,10,377,45,1049,10,84,357,Final L 13-20 vs ARI,New Orleans. Saints | New Orleans. Saints,"361,362,363,364,365,366,367,368,369,370,371"
2025,TB,Tampa Bay Buccaneers,Tampa Bay Buccaneers,10,W,23,20,@,ATL,Evenkeel75,110,,2,,,12,13,405,37,923,9,90,374,Final W 23-20 @ ATL,Tampa Bay. Buccaneers,"378,379,380,381,382,383,384,385,386,387,388"
2025,MIA,Miami Dolphins,Miami Dolphins,6,L,8,33,@,IND,,102,,,,,10,9,418,39,1057,9,79,391,Final L 8-33 @ IND,Miami. Dolphins | Miami. Dolphins,"394,395,396,397,398,399,400,401,402,403,404"
2025,NYG,New York Giants,New York Giants,8,L,6,21,@,WAS,Von937,87,,1,,,10,9,433,39,996,6,96,407,Final L 6-21 @ WAS,New York. Giants | New York. Giants,"411,412,413,414,415,416,417,418,419,420,421"
2025,CIN,Cincinnati Bengals,Cincinnati Bengals,6,W,17,16,@,CLE,,90,,1,,,11,13,436,35,1048,7,79,424,Final W 17-16 @ CLE,Cincinnati. Bengals | Cincinnati. Bengals,"427,428,429,430,431,432,433,434,435,436,437"
2025,NE,New England Patriots,New England Patriots,11,L,13,20,vs,LV,Von937,136,,2,,,9,10,314,35,964,8,88,440,Final L 13-20 vs LV,New England. Patriots | New England. Patriots,"444,445,446,447,448,449,450,451,452,453,454"
2025,IND,Indianapolis Colts,Indianapolis Colts,13,W,33,8,vs,MIA,Evenkeel75,109,,1,,,9,14,398,39,1049,7,98,456,Final W 33-8 vs MIA,Indianapolis. Colts,"460,461,462,463,464,465,466,467,468,469,470"
2025,CHI,Chicago Bears,Chicago Bears,10,L,24,27,vs,MIN,,127,,2,,,11,23,409,35,1003,10,83,473,Final L 24-27 vs MIN,Chicago. Bears | Chicago. Bears,"476,477,478,479,480,481,482,483,484,485,486"
2025,ARI,Arizona Cardinals,Arizona Cardinals,14,W,20,13,@,NO,,85,,2,,,11,10,476,30,1063,9,71,489,Final W 20-13 @ NO,Arizona. Cardinals | Arizona. Cardinals,"492,493,494,495,496,497,498,499,500,501,502"
2025,NYJ,New York Jets,New York Jets,13,L,32,34,vs,PIT,,55,,,,,8,,497,26,1070,3,58,505,Final L 32-34 vs PIT,New York. Jets | New York. Jets,"508,509,510,511,512,513,514,515,516,517,518"
2025,LAC,Los Angeles Chargers,Los Angeles Chargers,7,W,27,21,vs,KC,mafoulk,120,,,,,9,19,328,45,916,3,91,521,Final W 27-21 vs KC,Los Angeles. Chargers | Los Angeles. Chargers,"525,526,527,528,529,530,531,532,533,534,535"
2024,DEN,Denver Broncos,Denver Broncos,10,L,20,26,@,SEA,jfoulkrod,190,,5,,,12,15,311,63,1073,8,142,539,Final L 20-26 @ SEA,Denver. Broncos,"543,544,545,546,547,548,549,550,551,552,553"
2024,MIN,Minnesota Vikings,Minnesota Vikings,6,W,28,6,@,NYG,asmartaleck1,171,,3,,,10,24,324,49,1045,7,113,556,Final W 28-6 @ NYG,Minnesota. Vikings,"560,561,562,563,564,565,566,567,568,569,570"
2024,PIT,Pittsburgh Steelers,Pittsburgh Steelers,9,W,18,10,@,ATL,Von937,164,,1,,,18,17,335,40,1013,12,105,573,Final W 18-10 @ ATL,Pittsburgh. Steelers | Pittsburgh. Steelers,"577,578,579,580,581,582,583,584,585,586,587"
2024,GB,Green Bay Packers,Green Bay Packers,11,L,29,34,@,PHI,,162,,1,,,15,17,326,45,1031,12,91,590,Final L 29-34 @ PHI,Green Bay. Packers | Green Bay. Packers,"593,594,595,596,597,598,599,600,601,602,603"
2024,PHI,Philadelphia Eagles,Philadelphia Eagles,10,W,34,29,vs,GB,jfoulkrod,153,,1,,,18,13,297,41,958,12,87,606,Final W 34-29 vs GB,Philadelphia. Eagles | Philadelphia. Eagles,"610,611,612,613,614,615,616,617,618,619,620"
2024,SEA,Seattle Seahawks,Seattle Seahawks,11,W,26,20,vs,DEN,robfoulk,149,,4,,,14,13,358,45,1066,5,112,623,Final W 26-20 vs DEN,Seattle. Seahawks | Seattle. Seahawks,"627,628,629,630,631,632,633,634,635,636,637"
2024,BUF,Buffalo Bills,Buffalo Bills,7,W,34,28,vs,ARI,ebmookie,149,,3,,,17,16,368,39,1066,14,94,640,Final W 34-28 vs ARI,Buffalo. Bills | Buffalo. Bills,"644,645,646,647,648,649,650,651,652,653,654"
2024,HOU,Houston Texans,Houston Texans,8,W,29,27,@,IND,robfoulk,148,,3,,,10,19,370,49,958,7,98,658,Final W 29-27 @ IND,Houston. Texans,"662,663,664,665,666,667,668,669,670,671,672"
2024,CHI,Chicago Bears,Chicago Bears,10,W,24,17,vs,TEN,,137,,1,,,14,11,368,40,1050,13,100,675,Final W 24-17 vs TEN,Chicago. Bears | Chicago. Bears,"678,679,680,681,682,683,684,685,686,687,688"
2024,LAC,Los Angeles Chargers,Los Angeles Chargers,7,W,22,10,vs,LV,mafoulk,136,,1,,,8,15,299,46,1006,6,98,691,Final W 22-10 vs LV,Los Angeles. Chargers | Los Angeles. Chargers,"695,696,697,698,699,700,701,702,703,704,705"
2024,DET,Detroit Lions,Detroit Lions,6,W,26,20,vs,LAR,mafoulk,136,,1,,,11,16,334,37,907,8,110,708,Final W 26-20 vs LAR,Detroit. Lions | Detroit. Lions,"712,713,714,715,716,717,718,719,720,721,722"
2024,BAL,Baltimore Ravens,Baltimore Ravens,13,L,20,27,@,KC,Dbfoulkrod,132,,2,,,12,12,357,54,1005,5,122,725,Final L 20-27 @ KC,Baltimore. Ravens | Baltimore. Ravens,"729,730,731,732,733,734,735,736,737,738,739"
2024,DAL,Dallas Cowboys,Dallas Cowboys,14,W,33,17,@,CLE,,128,,1,,,16,13,456,52,1026,8,105,743,Final W 33-17 @ CLE,* | Dallas. Cowboys,"746,747,748,749,750,751,752,753,754,755,756"
2024,LAR,Los Angeles Rams,Los Angeles Rams,11,L,20,26,@,DET,ebmookie,127,,3,,,10,13,386,38,1091,6,72,759,Final L 20-26 @ DET,Los Angeles. Rams | Los Angeles. Rams,"763,764,765,766,767,768,769,770,771,772,773"
2024,KC,Kansas City Chiefs,Kansas City Chiefs,5,W,27,20,vs,BAL,ebmookie,119,,1,,,12,13,326,39,977,6,112,776,Final W 27-20 vs BAL,Kansas City. Chiefs | Kansas City. Chiefs,"780,781,782,783,784,785,786,787,788,789,790"
2024,TB,Tampa Bay Buccaneers,Tampa Bay Buccaneers,10,W,37,20,vs,WAS,Evenkeel75,118,,1,,,15,7,385,46,1005,9,114,793,Final W 37-20 vs WAS,Tampa Bay. Buccaneers | Tampa Bay. Buccaneers,"797,798,799,800,801,802,803,804,805,806,807"
2024,ARI,Arizona Cardinals,Arizona Cardinals,14,L,28,34,@,BUF,,116,,,,,16,9,373,41,1099,8,76,810,Final L 28-34 @ BUF,Arizona. Cardinals | Arizona. Cardinals,"813,814,815,816,817,818,819,820,821,822,823"
2024,CIN,Cincinnati Bengals,Cincinnati Bengals,6,L,10,16,vs,NE,,115,,2,,,12,15,416,36,1067,8,105,826,Final L 10-16 vs NE,Cincinnati. Bengals | Cincinnati. Bengals,"829,830,831,832,833,834,835,836,837,838,839"
2024,NO,New Orleans Saints,New Orleans Saints,8,W,47,10,vs,CAR,asmartaleck1,110,,,,,12,14,374,39,1044,3,84,842,Final W 47-10 vs CAR,New Orleans. Saints,"846,847,848,849,850,851,852,853,854,855,856"
2024,IND,Indianapolis Colts,Indianapolis Colts,13,L,27,29,vs,HOU,Evenkeel75,109,,1,,,17,16,415,36,1181,9,83,859,Final L 27-29 vs HOU,Indianapolis. Colts | Indianapolis. Colts,"863,864,865,866,867,868,869,870,871,872,873"
2024,NYJ,New York Jets,New York Jets,13,L,19,32,@,SF,,108,,,,,14,7,390,43,1037,8,84,876,Final L 19-32 @ SF,New York. Jets | New York. Jets,"879,880,881,882,883,884,885,886,887,888,889"
2024,ATL,Atlanta Falcons,Atlanta Falcons,11,L,10,18,vs,PIT,,108,,4,,,12,12,409,31,1061,5,74,892,Final L 10-18 vs PIT,Atlanta. Falcons | Atlanta. Falcons,"895,896,897,898,899,900,901,902,903,904,905"
2024,NYG,New York Giants,New York Giants,8,L,6,28,vs,MIN,Von937,107,,,,,15,5,385,45,1121,10,94,908,Final L 6-28 vs MIN,New York. Giants | New York. Giants,"912,913,914,915,916,917,918,919,920,921,922"
2024,WAS,Washington Commanders,Washington Commanders,7,L,20,37,@,TB,,104,,1,,,12,7,391,43,1011,8,88,925,Final L 20-37 @ TB,Washington. Commanders | Washington. Commanders,"928,929,930,931,932,933,934,935,936,937,938"
2024,SF,San Francisco 49ers,San Francisco 49ers,8,W,32,19,vs,NYJ,Dbfoulkrod,96,,1,,,11,11,436,37,1009,5,80,942,Final W 32-19 vs NYJ,San Francisco. 49ers | San Francisco. 49ers,"946,947,948,949,950,951,952,953,954,955,956"
2024,MIA,Miami Dolphins,Miami Dolphins,6,W,20,17,vs,JAX,,92,,,,,7,10,348,35,976,6,81,959,Final W 20-17 vs JAX,Miami. Dolphins | Miami. Dolphins,"962,963,964,965,966,967,968,969,970,971,972"
2024,CLE,Cleveland Browns,Cleveland Browns,11,L,17,33,vs,DAL,Evenkeel75,92,,1,,,11,4,417,41,1002,7,108,976,Final L 17-33 vs DAL,* | Cleveland. Browns,"980,981,982,983,984,985,986,987,988,989,990"
2024,TEN,Tennessee Titans,Tennessee Titans,9,L,17,24,@,CHI,,78,,,,,10,11,430,32,1033,5,67,993,Final L 17-24 @ CHI,Tennessee. Titans | Tennessee. Titans,"996,997,998,999,1000,1001,1002,1003,1004,1005,1006"
2024,LV,Las Vegas Raiders,Las Vegas Raiders,13,L,10,22,@,LAC,,77,,1,,,6,10,414,38,1044,3,86,1009,Final L 10-22 @ LAC,Las Vegas. Raiders | Las Vegas. Raiders,"1012,1013,1014,1015,1016,1017,1018,1019,1020,1021,1022"
2024,JAX,Jacksonville Jaguars,Jacksonville Jaguars,7,L,17,20,@,MIA,Evenkeel75,75,,1,,,5,6,433,34,1095,2,68,1025,Final L 17-20 @ MIA,Jacksonville. Jaguars | Jacksonville. Jaguars,"1029,1030,1031,1032,1033,1034,1035,1036,1037,1038,1039"
2024,NE,New England Patriots,New England Patriots,11,W,16,10,@,CIN,Von937,74,,1,,,9,7,405,28,1088,2,66,1042,Final W 16-10 @ CIN,New England. Patriots | New England. Patriots,"1046,1047,1048,1049,1050,1051,1052,1053,1054,1055,1056"
2024,CAR,Carolina Panthers,Carolina Panthers,5,L,10,47,@,NO,Dbfoulkrod,48,,,,,8,9,528,32,1191,7,64,1059,Final L 10-47 @ NO,Carolina. Panthers | Carolina. Panthers,"1063,1064,1065,1066,1067,1068,1069,1070,1071,1072,1073"
